1,"[IPAddr('10.0.0.1'), IPAddr('10.0.0.3'), 4, 6, 6, 6, 0]"
2,"[IPAddr('10.0.0.1'), IPAddr('10.0.0.3'), 4, 6, 6, 6, 0]"
3,"[IPAddr('10.0.0.1'), IPAddr('10.0.0.3'), 4, 5, 6, 5, 0]"
4,"[IPAddr('10.0.0.1'), IPAddr('10.0.0.3'), 4, 6, 6, 6, 0]"
5,"[IPAddr('10.0.0.1'), IPAddr('10.0.0.3'), 4, 6, 6, 6, 0]"
6,"[IPAddr('10.0.0.1'), IPAddr('10.0.0.3'), 4, 6, 6, 6, 0]"
7,"[IPAddr('10.0.0.1'), IPAddr('10.0.0.3'), 4, 5, 6, 5, 0]"
8,"[IPAddr('10.0.0.1'), IPAddr('10.0.0.3'), 4, 6, 6, 6, 0]"
9,"[IPAddr('10.0.0.1'), IPAddr('10.0.0.3'), 4, 6, 6, 6, 0]"
10,"[IPAddr('10.0.0.1'), IPAddr('10.0.0.3'), 4, 5, 6, 5, 0]"
11,"[IPAddr('10.0.0.1'), IPAddr('10.0.0.3'), 4, 6, 6, 6, 0]"
12,"[IPAddr('10.0.0.1'), IPAddr('10.0.0.3'), 4, 6, 6, 6, 0]"
13,"[IPAddr('10.0.0.1'), IPAddr('10.0.0.3'), 4, 6, 6, 6, 0]"
14,"[IPAddr('10.0.0.1'), IPAddr('10.0.0.3'), 4, 6, 6, 6, 0]"
15,"[IPAddr('10.0.0.1'), IPAddr('10.0.0.3'), 4, 6, 6, 6, 0]"
16,"[IPAddr('10.0.0.1'), IPAddr('10.0.0.3'), 4, 6, 6, 6, 0]"
17,"[IPAddr('10.0.0.1'), IPAddr('10.0.0.3'), 4, 5, 6, 5, 0]"
18,"[IPAddr('10.0.0.1'), IPAddr('10.0.0.3'), 4, 6, 6, 6, 0]"
19,"[IPAddr('10.0.0.1'), IPAddr('10.0.0.3'), 4, 6, 6, 6, 0]"
20,"[IPAddr('10.0.0.1'), IPAddr('10.0.0.3'), 4, 6, 6, 6, 0]"
